Package_Name,Version,Count,Number of CVEs,List of CVEs,CVE_high,CVE_med,CVE_low
busybox,,,,,,,
,1.19.3,1,20,"['CVE-2011-2716', 'CVE-2011-5325', 'CVE-2013-1813', 'CVE-2014-9645', 'CVE-2015-9261', 'CVE-2016-2147', 'CVE-2016-2148', 'CVE-2016-6301', 'CVE-2017-16544', 'CVE-2018-1000500', 'CVE-2018-1000517', 'CVE-2018-20679', 'CVE-2019-5747', 'CVE-2021-42376', 'CVE-2021-42378', 'CVE-2021-42379', 'CVE-2021-42384', 'CVE-2021-42385', 'CVE-2021-42386', 'CVE-2022-28391']",14,4,2
,1.15.3,3,14,"['CVE-2011-2716', 'CVE-2011-5325', 'CVE-2013-1813', 'CVE-2014-9645', 'CVE-2015-9261', 'CVE-2016-2147', 'CVE-2016-2148', 'CVE-2016-6301', 'CVE-2017-16544', 'CVE-2018-1000500', 'CVE-2018-1000517', 'CVE-2018-20679', 'CVE-2019-5747', 'CVE-2022-28391']",9,3,2
,1.13.4,9,14,"['CVE-2011-2716', 'CVE-2011-5325', 'CVE-2013-1813', 'CVE-2014-9645', 'CVE-2015-9261', 'CVE-2016-2147', 'CVE-2016-2148', 'CVE-2016-6301', 'CVE-2017-16544', 'CVE-2018-1000500', 'CVE-2018-1000517', 'CVE-2018-20679', 'CVE-2019-5747', 'CVE-2022-28391']",9,3,2
,1.24.1,29,17,"['CVE-2015-9261', 'CVE-2016-2147', 'CVE-2016-2148', 'CVE-2016-6301', 'CVE-2017-16544', 'CVE-2018-1000500', 'CVE-2018-1000517', 'CVE-2018-20679', 'CVE-2019-5747', 'CVE-2021-42376', 'CVE-2021-42378', 'CVE-2021-42379', 'CVE-2021-42381', 'CVE-2021-42384', 'CVE-2021-42385', 'CVE-2021-42386', 'CVE-2022-28391']",13,2,2
,1.20.2,1,19,"['CVE-2011-5325', 'CVE-2013-1813', 'CVE-2014-9645', 'CVE-2015-9261', 'CVE-2016-2147', 'CVE-2016-2148', 'CVE-2016-6301', 'CVE-2017-16544', 'CVE-2018-1000500', 'CVE-2018-1000517', 'CVE-2018-20679', 'CVE-2019-5747', 'CVE-2021-42376', 'CVE-2021-42378', 'CVE-2021-42379', 'CVE-2021-42384', 'CVE-2021-42385', 'CVE-2021-42386', 'CVE-2022-28391']",14,3,2
,1.22.1,5,18,"['CVE-2014-9645', 'CVE-2015-9261', 'CVE-2016-2147', 'CVE-2016-2148', 'CVE-2016-6301', 'CVE-2017-16544', 'CVE-2018-1000500', 'CVE-2018-1000517', 'CVE-2018-20679', 'CVE-2019-5747', 'CVE-2021-42376', 'CVE-2021-42378', 'CVE-2021-42379', 'CVE-2021-42381', 'CVE-2021-42384', 'CVE-2021-42385', 'CVE-2021-42386', 'CVE-2022-28391']",13,3,2
,1.31.1,5,12,"['CVE-2018-1000500', 'CVE-2021-42374', 'CVE-2021-42376', 'CVE-2021-42378', 'CVE-2021-42379', 'CVE-2021-42380', 'CVE-2021-42381', 'CVE-2021-42382', 'CVE-2021-42384', 'CVE-2021-42385', 'CVE-2021-42386', 'CVE-2022-28391']",10,2,0
,1.19.2,8,20,"['CVE-2011-2716', 'CVE-2011-5325', 'CVE-2013-1813', 'CVE-2014-9645', 'CVE-2015-9261', 'CVE-2016-2147', 'CVE-2016-2148', 'CVE-2016-6301', 'CVE-2017-16544', 'CVE-2018-1000500', 'CVE-2018-1000517', 'CVE-2018-20679', 'CVE-2019-5747', 'CVE-2021-42376', 'CVE-2021-42378', 'CVE-2021-42379', 'CVE-2021-42384', 'CVE-2021-42385', 'CVE-2021-42386', 'CVE-2022-28391']",14,4,2
,1.13.0,2,14,"['CVE-2011-2716', 'CVE-2011-5325', 'CVE-2013-1813', 'CVE-2014-9645', 'CVE-2015-9261', 'CVE-2016-2147', 'CVE-2016-2148', 'CVE-2016-6301', 'CVE-2017-16544', 'CVE-2018-1000500', 'CVE-2018-1000517', 'CVE-2018-20679', 'CVE-2019-5747', 'CVE-2022-28391']",9,3,2
,1.14.1,7,14,"['CVE-2011-2716', 'CVE-2011-5325', 'CVE-2013-1813', 'CVE-2014-9645', 'CVE-2015-9261', 'CVE-2016-2147', 'CVE-2016-2148', 'CVE-2016-6301', 'CVE-2017-16544', 'CVE-2018-1000500', 'CVE-2018-1000517', 'CVE-2018-20679', 'CVE-2019-5747', 'CVE-2022-28391']",9,3,2
,1.19.4,23,20,"['CVE-2011-2716', 'CVE-2011-5325', 'CVE-2013-1813', 'CVE-2014-9645', 'CVE-2015-9261', 'CVE-2016-2147', 'CVE-2016-2148', 'CVE-2016-6301', 'CVE-2017-16544', 'CVE-2018-1000500', 'CVE-2018-1000517', 'CVE-2018-20679', 'CVE-2019-5747', 'CVE-2021-42376', 'CVE-2021-42378', 'CVE-2021-42379', 'CVE-2021-42384', 'CVE-2021-42385', 'CVE-2021-42386', 'CVE-2022-28391']",14,4,2
,1.17.1,3,18,"['CVE-2011-2716', 'CVE-2011-5325', 'CVE-2013-1813', 'CVE-2014-9645', 'CVE-2015-9261', 'CVE-2016-2147', 'CVE-2016-2148', 'CVE-2016-6301', 'CVE-2017-16544', 'CVE-2018-1000500', 'CVE-2018-1000517', 'CVE-2018-20679', 'CVE-2019-5747', 'CVE-2021-42376', 'CVE-2021-42378', 'CVE-2021-42385', 'CVE-2021-42386', 'CVE-2022-28391']",12,4,2
,1.23.2,1,17,"['CVE-2015-9261', 'CVE-2016-2147', 'CVE-2016-2148', 'CVE-2016-6301', 'CVE-2017-16544', 'CVE-2018-1000500', 'CVE-2018-1000517', 'CVE-2018-20679', 'CVE-2019-5747', 'CVE-2021-42376', 'CVE-2021-42378', 'CVE-2021-42379', 'CVE-2021-42381', 'CVE-2021-42384', 'CVE-2021-42385', 'CVE-2021-42386', 'CVE-2022-28391']",13,2,2
,1.34.1,2,1,['CVE-2022-28391'],1,0,0
glibc,,,,,,,
,2.4,35,91,"['CVE-2006-7254', 'CVE-2009-4880', 'CVE-2009-4881', 'CVE-2009-5029', 'CVE-2009-5155', 'CVE-2010-0296', 'CVE-2010-0830', 'CVE-2010-3192', 'CVE-2010-3847', 'CVE-2010-3856', 'CVE-2010-4756', 'CVE-2011-1071', 'CVE-2011-1089', 'CVE-2011-1095', 'CVE-2011-1658', 'CVE-2011-1659', 'CVE-2011-2702', 'CVE-2011-4609', 'CVE-2011-5320', 'CVE-2012-4412', 'CVE-2012-4424', 'CVE-2012-6656', 'CVE-2013-1914', 'CVE-2013-2207', 'CVE-2013-4122', 'CVE-2013-4237', 'CVE-2013-4332', 'CVE-2013-4458', 'CVE-2013-4788', 'CVE-2013-7423', 'CVE-2013-7424', 'CVE-2014-0475', 'CVE-2014-4043', 'CVE-2014-5119', 'CVE-2014-6040', 'CVE-2014-8121', 'CVE-2014-9402', 'CVE-2014-9761', 'CVE-2014-9984', 'CVE-2015-0235', 'CVE-2015-1472', 'CVE-2015-1473', 'CVE-2015-1781', 'CVE-2015-5180', 'CVE-2015-5277', 'CVE-2015-8776', 'CVE-2015-8777', 'CVE-2015-8778', 'CVE-2015-8779', 'CVE-2015-8982', 'CVE-2015-8983', 'CVE-2015-8984', 'CVE-2015-8985', 'CVE-2016-10228', 'CVE-2016-10739', 'CVE-2016-1234', 'CVE-2016-2856', 'CVE-2016-3075', 'CVE-2016-3706', 'CVE-2016-5417', 'CVE-2016-6323', 'CVE-2017-1000366', 'CVE-2017-12132', 'CVE-2017-12133', 'CVE-2017-15670', 'CVE-2017-15671', 'CVE-2017-15804', 'CVE-2018-1000001', 'CVE-2018-11236', 'CVE-2018-11237', 'CVE-2018-19591', 'CVE-2018-20796', 'CVE-2018-6485', 'CVE-2019-19126', 'CVE-2019-25013', 'CVE-2019-6488', 'CVE-2019-7309', 'CVE-2019-9169', 'CVE-2019-9192', 'CVE-2020-10029', 'CVE-2020-1751', 'CVE-2020-1752', 'CVE-2020-27618', 'CVE-2020-29573', 'CVE-2020-6096', 'CVE-2021-3326', 'CVE-2021-35942', 'CVE-2021-38604', 'CVE-2021-3999', 'CVE-2022-23218', 'CVE-2022-23219']",33,41,17
,2.13,1,81,"['CVE-2009-5029', 'CVE-2009-5155', 'CVE-2010-3192', 'CVE-2010-4756', 'CVE-2011-1089', 'CVE-2011-1658', 'CVE-2011-1659', 'CVE-2011-4609', 'CVE-2011-5320', 'CVE-2012-4412', 'CVE-2012-4424', 'CVE-2012-6656', 'CVE-2013-1914', 'CVE-2013-2207', 'CVE-2013-4237', 'CVE-2013-4332', 'CVE-2013-4458', 'CVE-2013-4788', 'CVE-2013-7423', 'CVE-2013-7424', 'CVE-2014-0475', 'CVE-2014-4043', 'CVE-2014-5119', 'CVE-2014-6040', 'CVE-2014-8121', 'CVE-2014-9402', 'CVE-2014-9761', 'CVE-2014-9984', 'CVE-2015-0235', 'CVE-2015-1472', 'CVE-2015-1473', 'CVE-2015-1781', 'CVE-2015-5180', 'CVE-2015-5277', 'CVE-2015-7547', 'CVE-2015-8776', 'CVE-2015-8777', 'CVE-2015-8778', 'CVE-2015-8779', 'CVE-2015-8982', 'CVE-2015-8983', 'CVE-2015-8984', 'CVE-2015-8985', 'CVE-2016-10228', 'CVE-2016-10739', 'CVE-2016-1234', 'CVE-2016-2856', 'CVE-2016-3075', 'CVE-2016-3706', 'CVE-2016-5417', 'CVE-2016-6323', 'CVE-2017-1000366', 'CVE-2017-12132', 'CVE-2017-12133', 'CVE-2017-15670', 'CVE-2017-15671', 'CVE-2017-15804', 'CVE-2018-1000001', 'CVE-2018-11236', 'CVE-2018-11237', 'CVE-2018-19591', 'CVE-2018-20796', 'CVE-2018-6485', 'CVE-2019-19126', 'CVE-2019-25013', 'CVE-2019-6488', 'CVE-2019-7309', 'CVE-2019-9169', 'CVE-2019-9192', 'CVE-2020-10029', 'CVE-2020-1751', 'CVE-2020-1752', 'CVE-2020-27618', 'CVE-2020-29573', 'CVE-2020-6096', 'CVE-2021-3326', 'CVE-2021-35942', 'CVE-2021-38604', 'CVE-2021-3999', 'CVE-2022-23218', 'CVE-2022-23219']",32,32,17
,2.8,3,90,"['CVE-2009-4880', 'CVE-2009-4881', 'CVE-2009-5029', 'CVE-2009-5155', 'CVE-2010-0296', 'CVE-2010-0830', 'CVE-2010-3192', 'CVE-2010-3847', 'CVE-2010-3856', 'CVE-2010-4756', 'CVE-2011-1071', 'CVE-2011-1089', 'CVE-2011-1095', 'CVE-2011-1658', 'CVE-2011-1659', 'CVE-2011-2702', 'CVE-2011-4609', 'CVE-2011-5320', 'CVE-2012-4412', 'CVE-2012-4424', 'CVE-2012-6656', 'CVE-2013-1914', 'CVE-2013-2207', 'CVE-2013-4122', 'CVE-2013-4237', 'CVE-2013-4332', 'CVE-2013-4458', 'CVE-2013-4788', 'CVE-2013-7423', 'CVE-2013-7424', 'CVE-2014-0475', 'CVE-2014-4043', 'CVE-2014-5119', 'CVE-2014-6040', 'CVE-2014-8121', 'CVE-2014-9402', 'CVE-2014-9761', 'CVE-2014-9984', 'CVE-2015-0235', 'CVE-2015-1472', 'CVE-2015-1473', 'CVE-2015-1781', 'CVE-2015-5180', 'CVE-2015-5277', 'CVE-2015-8776', 'CVE-2015-8777', 'CVE-2015-8778', 'CVE-2015-8779', 'CVE-2015-8982', 'CVE-2015-8983', 'CVE-2015-8984', 'CVE-2015-8985', 'CVE-2016-10228', 'CVE-2016-10739', 'CVE-2016-1234', 'CVE-2016-2856', 'CVE-2016-3075', 'CVE-2016-3706', 'CVE-2016-5417', 'CVE-2016-6323', 'CVE-2017-1000366', 'CVE-2017-12132', 'CVE-2017-12133', 'CVE-2017-15670', 'CVE-2017-15671', 'CVE-2017-15804', 'CVE-2018-1000001', 'CVE-2018-11236', 'CVE-2018-11237', 'CVE-2018-19591', 'CVE-2018-20796', 'CVE-2018-6485', 'CVE-2019-19126', 'CVE-2019-25013', 'CVE-2019-6488', 'CVE-2019-7309', 'CVE-2019-9169', 'CVE-2019-9192', 'CVE-2020-10029', 'CVE-2020-1751', 'CVE-2020-1752', 'CVE-2020-27618', 'CVE-2020-29573', 'CVE-2020-6096', 'CVE-2021-3326', 'CVE-2021-35942', 'CVE-2021-38604', 'CVE-2021-3999', 'CVE-2022-23218', 'CVE-2022-23219']",33,40,17
,2.29,14,20,"['CVE-2010-4756', 'CVE-2013-4412', 'CVE-2018-20796', 'CVE-2019-19126', 'CVE-2019-25013', 'CVE-2019-7309', 'CVE-2019-9169', 'CVE-2019-9192', 'CVE-2020-10029', 'CVE-2020-1751', 'CVE-2020-1752', 'CVE-2020-27618', 'CVE-2020-6096', 'CVE-2021-27645', 'CVE-2021-3326', 'CVE-2021-35942', 'CVE-2021-38604', 'CVE-2021-3999', 'CVE-2022-23218', 'CVE-2022-23219']",9,5,6
,2.30,6,17,"['CVE-2010-4756', 'CVE-2013-4412', 'CVE-2019-19126', 'CVE-2019-25013', 'CVE-2020-10029', 'CVE-2020-1751', 'CVE-2020-1752', 'CVE-2020-27618', 'CVE-2020-29562', 'CVE-2020-6096', 'CVE-2021-27645', 'CVE-2021-3326', 'CVE-2021-35942', 'CVE-2021-38604', 'CVE-2021-3999', 'CVE-2022-23218', 'CVE-2022-23219']",7,5,5
,2.10.1,2,91,"['CVE-2009-4880', 'CVE-2009-5029', 'CVE-2009-5155', 'CVE-2010-0296', 'CVE-2010-0830', 'CVE-2010-3192', 'CVE-2010-3847', 'CVE-2010-3856', 'CVE-2010-4051', 'CVE-2010-4052', 'CVE-2010-4756', 'CVE-2011-1071', 'CVE-2011-1089', 'CVE-2011-1095', 'CVE-2011-1658', 'CVE-2011-1659', 'CVE-2011-2702', 'CVE-2011-4609', 'CVE-2011-5320', 'CVE-2012-4412', 'CVE-2012-4424', 'CVE-2012-6656', 'CVE-2013-1914', 'CVE-2013-2207', 'CVE-2013-4237', 'CVE-2013-4332', 'CVE-2013-4458', 'CVE-2013-4788', 'CVE-2013-7423', 'CVE-2013-7424', 'CVE-2014-0475', 'CVE-2014-4043', 'CVE-2014-5119', 'CVE-2014-6040', 'CVE-2014-8121', 'CVE-2014-9402', 'CVE-2014-9761', 'CVE-2014-9984', 'CVE-2015-0235', 'CVE-2015-1472', 'CVE-2015-1473', 'CVE-2015-1781', 'CVE-2015-5180', 'CVE-2015-5277', 'CVE-2015-7547', 'CVE-2015-8776', 'CVE-2015-8777', 'CVE-2015-8778', 'CVE-2015-8779', 'CVE-2015-8982', 'CVE-2015-8983', 'CVE-2015-8984', 'CVE-2015-8985', 'CVE-2016-10228', 'CVE-2016-10739', 'CVE-2016-1234', 'CVE-2016-2856', 'CVE-2016-3075', 'CVE-2016-3706', 'CVE-2016-5417', 'CVE-2016-6323', 'CVE-2017-1000366', 'CVE-2017-12132', 'CVE-2017-12133', 'CVE-2017-15670', 'CVE-2017-15671', 'CVE-2017-15804', 'CVE-2018-1000001', 'CVE-2018-11236', 'CVE-2018-11237', 'CVE-2018-19591', 'CVE-2018-20796', 'CVE-2018-6485', 'CVE-2019-19126', 'CVE-2019-25013', 'CVE-2019-6488', 'CVE-2019-7309', 'CVE-2019-9169', 'CVE-2019-9192', 'CVE-2020-10029', 'CVE-2020-1751', 'CVE-2020-1752', 'CVE-2020-27618', 'CVE-2020-29573', 'CVE-2020-6096', 'CVE-2021-3326', 'CVE-2021-35942', 'CVE-2021-38604', 'CVE-2021-3999', 'CVE-2022-23218', 'CVE-2022-23219']",34,40,17
,2.17,3,76,"['CVE-2009-5155', 'CVE-2010-3192', 'CVE-2010-4756', 'CVE-2012-4412', 'CVE-2012-4424', 'CVE-2013-0242', 'CVE-2013-1914', 'CVE-2013-2207', 'CVE-2013-4122', 'CVE-2013-4237', 'CVE-2013-4332', 'CVE-2013-4412', 'CVE-2013-4458', 'CVE-2013-4788', 'CVE-2013-7423', 'CVE-2014-0475', 'CVE-2014-4043', 'CVE-2014-5119', 'CVE-2014-6040', 'CVE-2014-8121', 'CVE-2014-9402', 'CVE-2014-9761', 'CVE-2014-9984', 'CVE-2015-0235', 'CVE-2015-1472', 'CVE-2015-1473', 'CVE-2015-1781', 'CVE-2015-5180', 'CVE-2015-5277', 'CVE-2015-7547', 'CVE-2015-8776', 'CVE-2015-8777', 'CVE-2015-8778', 'CVE-2015-8779', 'CVE-2015-8982', 'CVE-2015-8983', 'CVE-2015-8984', 'CVE-2015-8985', 'CVE-2016-10228', 'CVE-2016-10739', 'CVE-2016-1234', 'CVE-2016-2856', 'CVE-2016-3075', 'CVE-2016-3706', 'CVE-2016-5417', 'CVE-2016-6323', 'CVE-2017-1000366', 'CVE-2017-12132', 'CVE-2017-12133', 'CVE-2017-15670', 'CVE-2017-15671', 'CVE-2017-15804', 'CVE-2018-1000001', 'CVE-2018-11236', 'CVE-2018-11237', 'CVE-2018-19591', 'CVE-2018-20796', 'CVE-2018-6485', 'CVE-2019-19126', 'CVE-2019-25013', 'CVE-2019-6488', 'CVE-2019-7309', 'CVE-2019-9169', 'CVE-2019-9192', 'CVE-2020-10029', 'CVE-2020-1751', 'CVE-2020-1752', 'CVE-2020-27618', 'CVE-2020-29573', 'CVE-2020-6096', 'CVE-2021-3326', 'CVE-2021-35942', 'CVE-2021-38604', 'CVE-2021-3999', 'CVE-2022-23218', 'CVE-2022-23219']",33,28,15
,2.26,11,35,"['CVE-2009-5155', 'CVE-2010-4756', 'CVE-2013-4412', 'CVE-2015-8985', 'CVE-2016-10739', 'CVE-2017-15670', 'CVE-2017-15671', 'CVE-2017-15804', 'CVE-2017-16997', 'CVE-2017-17426', 'CVE-2017-18269', 'CVE-2018-1000001', 'CVE-2018-11236', 'CVE-2018-11237', 'CVE-2018-19591', 'CVE-2018-20796', 'CVE-2018-6485', 'CVE-2018-6551', 'CVE-2019-19126', 'CVE-2019-25013', 'CVE-2019-6488', 'CVE-2019-7309', 'CVE-2019-9169', 'CVE-2019-9192', 'CVE-2020-10029', 'CVE-2020-1751', 'CVE-2020-1752', 'CVE-2020-27618', 'CVE-2020-6096', 'CVE-2021-3326', 'CVE-2021-35942', 'CVE-2021-38604', 'CVE-2021-3999', 'CVE-2022-23218', 'CVE-2022-23219']",16,8,11
,2.22,1,51,"['CVE-2009-5155', 'CVE-2010-3192', 'CVE-2010-4756', 'CVE-2013-4412', 'CVE-2014-9761', 'CVE-2015-5180', 'CVE-2015-7547', 'CVE-2015-8776', 'CVE-2015-8777', 'CVE-2015-8778', 'CVE-2015-8779', 'CVE-2015-8985', 'CVE-2016-10228', 'CVE-2016-10739', 'CVE-2016-1234', 'CVE-2016-3075', 'CVE-2016-3706', 'CVE-2016-5417', 'CVE-2016-6323', 'CVE-2017-1000366', 'CVE-2017-12132', 'CVE-2017-12133', 'CVE-2017-15670', 'CVE-2017-15671', 'CVE-2017-15804', 'CVE-2017-16997', 'CVE-2017-18269', 'CVE-2018-1000001', 'CVE-2018-11236', 'CVE-2018-11237', 'CVE-2018-19591', 'CVE-2018-20796', 'CVE-2018-6485', 'CVE-2019-19126', 'CVE-2019-25013', 'CVE-2019-6488', 'CVE-2019-7309', 'CVE-2019-9169', 'CVE-2019-9192', 'CVE-2020-10029', 'CVE-2020-1751', 'CVE-2020-1752', 'CVE-2020-27618', 'CVE-2020-29573', 'CVE-2020-6096', 'CVE-2021-3326', 'CVE-2021-35942', 'CVE-2021-38604', 'CVE-2021-3999', 'CVE-2022-23218', 'CVE-2022-23219']",24,13,14
openssl,,,,,,,
,1.0.0a,3,31,"['CVE-2009-1390', 'CVE-2009-3765', 'CVE-2009-3766', 'CVE-2010-4180', 'CVE-2010-4252', 'CVE-2010-5298', 'CVE-2011-1945', 'CVE-2011-4108', 'CVE-2011-4576', 'CVE-2011-4577', 'CVE-2011-4619', 'CVE-2012-0027', 'CVE-2013-6449', 'CVE-2014-0076', 'CVE-2014-0195', 'CVE-2014-0198', 'CVE-2014-0221', 'CVE-2014-0224', 'CVE-2014-3470', 'CVE-2015-3195', 'CVE-2015-4000', 'CVE-2016-2106', 'CVE-2016-2107', 'CVE-2016-2108', 'CVE-2016-2109', 'CVE-2016-2176', 'CVE-2016-7056', 'CVE-2020-7041', 'CVE-2020-7042', 'CVE-2020-7043', 'CVE-2021-4044']",6,20,5
,0.9.8g,4,86,"['CVE-2006-7250', 'CVE-2008-0166', 'CVE-2008-0891', 'CVE-2008-1672', 'CVE-2008-5077', 'CVE-2008-7270', 'CVE-2009-0590', 'CVE-2009-0789', 'CVE-2009-1377', 'CVE-2009-1378', 'CVE-2009-1386', 'CVE-2009-1387', 'CVE-2009-1390', 'CVE-2009-2409', 'CVE-2009-3245', 'CVE-2009-3765', 'CVE-2009-3766', 'CVE-2009-4355', 'CVE-2010-0433', 'CVE-2010-0740', 'CVE-2010-0742', 'CVE-2010-3864', 'CVE-2010-4180', 'CVE-2010-4252', 'CVE-2010-5298', 'CVE-2011-1473', 'CVE-2011-1945', 'CVE-2011-3210', 'CVE-2011-4108', 'CVE-2011-4109', 'CVE-2011-4354', 'CVE-2011-4576', 'CVE-2011-4577', 'CVE-2011-4619', 'CVE-2012-0027', 'CVE-2012-0884', 'CVE-2012-1165', 'CVE-2012-2110', 'CVE-2012-2333', 'CVE-2013-0166', 'CVE-2013-6449', 'CVE-2014-0076', 'CVE-2014-0195', 'CVE-2014-0221', 'CVE-2014-0224', 'CVE-2014-3470', 'CVE-2014-3505', 'CVE-2014-3506', 'CVE-2014-3507', 'CVE-2014-3508', 'CVE-2014-3510', 'CVE-2014-3567', 'CVE-2014-3568', 'CVE-2014-3570', 'CVE-2014-3571', 'CVE-2014-3572', 'CVE-2014-8176', 'CVE-2014-8275', 'CVE-2015-0204', 'CVE-2015-0209', 'CVE-2015-0286', 'CVE-2015-0287', 'CVE-2015-0288', 'CVE-2015-0289', 'CVE-2015-0292', 'CVE-2015-0293', 'CVE-2015-1788', 'CVE-2015-1789', 'CVE-2015-1790', 'CVE-2015-1791', 'CVE-2015-1792', 'CVE-2015-3195', 'CVE-2015-4000', 'CVE-2016-0703', 'CVE-2016-0704', 'CVE-2016-2106', 'CVE-2016-2107', 'CVE-2016-2108', 'CVE-2016-2109', 'CVE-2016-2176', 'CVE-2016-7056', 'CVE-2017-3735', 'CVE-2020-7041', 'CVE-2020-7042', 'CVE-2020-7043', 'CVE-2021-4044']",16,65,5
,1.0.2f,21,53,"['CVE-2009-1390', 'CVE-2009-3765', 'CVE-2009-3766', 'CVE-2016-0702', 'CVE-2016-0705', 'CVE-2016-0797', 'CVE-2016-0798', 'CVE-2016-0799', 'CVE-2016-0800', 'CVE-2016-2105', 'CVE-2016-2106', 'CVE-2016-2107', 'CVE-2016-2109', 'CVE-2016-2176', 'CVE-2016-2177', 'CVE-2016-2178', 'CVE-2016-2179', 'CVE-2016-2180', 'CVE-2016-2181', 'CVE-2016-2182', 'CVE-2016-2183', 'CVE-2016-2842', 'CVE-2016-6302', 'CVE-2016-6303', 'CVE-2016-6304', 'CVE-2016-6306', 'CVE-2016-7055', 'CVE-2016-8610', 'CVE-2017-3731', 'CVE-2017-3732', 'CVE-2017-3735', 'CVE-2017-3736', 'CVE-2017-3737', 'CVE-2017-3738', 'CVE-2018-0737', 'CVE-2018-0739', 'CVE-2018-5407', 'CVE-2019-1547', 'CVE-2019-1551', 'CVE-2019-1552', 'CVE-2019-1559', 'CVE-2019-1563', 'CVE-2020-1968', 'CVE-2021-23840', 'CVE-2021-23841', 'CVE-2021-3712', 'CVE-2021-4160', 'CVE-2022-0778', 'CVE-2022-1292', 'CVE-2022-2068', 'CVE-2022-4304', 'CVE-2023-0215', 'CVE-2023-0286']",19,23,11
,1.0.2d,20,59,"['CVE-2009-1390', 'CVE-2009-3765', 'CVE-2009-3766', 'CVE-2015-1794', 'CVE-2015-3193', 'CVE-2015-3194', 'CVE-2015-3195', 'CVE-2015-3197', 'CVE-2016-0701', 'CVE-2016-0702', 'CVE-2016-0705', 'CVE-2016-0797', 'CVE-2016-0798', 'CVE-2016-0799', 'CVE-2016-0800', 'CVE-2016-2105', 'CVE-2016-2106', 'CVE-2016-2107', 'CVE-2016-2109', 'CVE-2016-2176', 'CVE-2016-2177', 'CVE-2016-2178', 'CVE-2016-2179', 'CVE-2016-2180', 'CVE-2016-2181', 'CVE-2016-2182', 'CVE-2016-2183', 'CVE-2016-2842', 'CVE-2016-6302', 'CVE-2016-6303', 'CVE-2016-6304', 'CVE-2016-6306', 'CVE-2016-7055', 'CVE-2016-8610', 'CVE-2017-3731', 'CVE-2017-3732', 'CVE-2017-3735', 'CVE-2017-3736', 'CVE-2017-3737', 'CVE-2017-3738', 'CVE-2018-0737', 'CVE-2018-0739', 'CVE-2018-5407', 'CVE-2019-1547', 'CVE-2019-1551', 'CVE-2019-1552', 'CVE-2019-1559', 'CVE-2019-1563', 'CVE-2020-1968', 'CVE-2021-23840', 'CVE-2021-23841', 'CVE-2021-3712', 'CVE-2021-4160', 'CVE-2022-0778', 'CVE-2022-1292', 'CVE-2022-2068', 'CVE-2022-4304', 'CVE-2023-0215', 'CVE-2023-0286']",21,26,12
,1.0.1t,3,19,"['CVE-2009-1390', 'CVE-2009-3765', 'CVE-2009-3766', 'CVE-2016-2177', 'CVE-2016-2178', 'CVE-2016-2179', 'CVE-2016-2180', 'CVE-2016-2181', 'CVE-2016-2182', 'CVE-2016-2183', 'CVE-2016-6302', 'CVE-2016-6303', 'CVE-2016-6304', 'CVE-2016-6306', 'CVE-2016-7056', 'CVE-2020-7041', 'CVE-2020-7042', 'CVE-2020-7043', 'CVE-2021-4044']",7,8,4
,0.9.8zc,11,48,"['CVE-2009-1390', 'CVE-2009-3765', 'CVE-2009-3766', 'CVE-2010-4252', 'CVE-2010-5298', 'CVE-2011-1945', 'CVE-2011-4108', 'CVE-2011-4576', 'CVE-2011-4577', 'CVE-2011-4619', 'CVE-2012-0027', 'CVE-2013-6449', 'CVE-2014-0076', 'CVE-2014-3567', 'CVE-2014-3568', 'CVE-2014-3570', 'CVE-2014-3571', 'CVE-2014-3572', 'CVE-2014-8176', 'CVE-2014-8275', 'CVE-2015-0204', 'CVE-2015-0209', 'CVE-2015-0286', 'CVE-2015-0287', 'CVE-2015-0288', 'CVE-2015-0289', 'CVE-2015-0292', 'CVE-2015-0293', 'CVE-2015-1788', 'CVE-2015-1789', 'CVE-2015-1790', 'CVE-2015-1791', 'CVE-2015-1792', 'CVE-2015-3195', 'CVE-2015-4000', 'CVE-2016-0703', 'CVE-2016-0704', 'CVE-2016-2106', 'CVE-2016-2107', 'CVE-2016-2108', 'CVE-2016-2109', 'CVE-2016-2176', 'CVE-2016-7056', 'CVE-2017-3735', 'CVE-2020-7041', 'CVE-2020-7042', 'CVE-2020-7043', 'CVE-2021-4044']",9,34,5
,1.1.1n,3,10,"['CVE-2009-1390', 'CVE-2009-3765', 'CVE-2009-3766', 'CVE-2022-1292', 'CVE-2022-2068', 'CVE-2022-2097', 'CVE-2022-4304', 'CVE-2022-4450', 'CVE-2023-0215', 'CVE-2023-0286']",3,5,2
,1.0.2u,14,15,"['CVE-2009-1390', 'CVE-2009-3765', 'CVE-2009-3766', 'CVE-2020-1968', 'CVE-2021-23839', 'CVE-2021-23840', 'CVE-2021-23841', 'CVE-2021-3712', 'CVE-2021-4160', 'CVE-2022-0778', 'CVE-2022-1292', 'CVE-2022-2068', 'CVE-2022-4304', 'CVE-2023-0215', 'CVE-2023-0286']",5,6,4
,1.1.1k,3,14,"['CVE-2009-1390', 'CVE-2009-3765', 'CVE-2009-3766', 'CVE-2021-3711', 'CVE-2021-3712', 'CVE-2021-4160', 'CVE-2022-0778', 'CVE-2022-1292', 'CVE-2022-2068', 'CVE-2022-2097', 'CVE-2022-4304', 'CVE-2022-4450', 'CVE-2023-0215', 'CVE-2023-0286']",5,6,3
,1.0.0,4,73,"['CVE-2009-1379', 'CVE-2009-1387', 'CVE-2009-1390', 'CVE-2009-3765', 'CVE-2009-3766', 'CVE-2009-4355', 'CVE-2010-0742', 'CVE-2010-1633', 'CVE-2010-3864', 'CVE-2010-4180', 'CVE-2010-4252', 'CVE-2010-5298', 'CVE-2011-0014', 'CVE-2011-1945', 'CVE-2011-3207', 'CVE-2011-3210', 'CVE-2011-4108', 'CVE-2011-4576', 'CVE-2011-4577', 'CVE-2011-4619', 'CVE-2012-0027', 'CVE-2012-0884', 'CVE-2012-1165', 'CVE-2012-2110', 'CVE-2012-2333', 'CVE-2013-0166', 'CVE-2013-6449', 'CVE-2013-6450', 'CVE-2014-0076', 'CVE-2014-0195', 'CVE-2014-0198', 'CVE-2014-0221', 'CVE-2014-0224', 'CVE-2014-3470', 'CVE-2014-3505', 'CVE-2014-3506', 'CVE-2014-3507', 'CVE-2014-3508', 'CVE-2014-3509', 'CVE-2014-3510', 'CVE-2014-3511', 'CVE-2014-3512', 'CVE-2014-3567', 'CVE-2014-3568', 'CVE-2014-8176', 'CVE-2015-0209', 'CVE-2015-0286', 'CVE-2015-0287', 'CVE-2015-0288', 'CVE-2015-0289', 'CVE-2015-0292', 'CVE-2015-0293', 'CVE-2015-1788', 'CVE-2015-1789', 'CVE-2015-1790', 'CVE-2015-1791', 'CVE-2015-1792', 'CVE-2015-3195', 'CVE-2015-3196', 'CVE-2015-4000', 'CVE-2016-0703', 'CVE-2016-0704', 'CVE-2016-2106', 'CVE-2016-2107', 'CVE-2016-2108', 'CVE-2016-2109', 'CVE-2016-2176', 'CVE-2016-7056', 'CVE-2017-3735', 'CVE-2020-7041', 'CVE-2020-7042', 'CVE-2020-7043', 'CVE-2021-4044']",14,54,5
,1.0.2h,2,41,"['CVE-2009-1390', 'CVE-2009-3765', 'CVE-2009-3766', 'CVE-2016-2177', 'CVE-2016-2178', 'CVE-2016-2179', 'CVE-2016-2180', 'CVE-2016-2181', 'CVE-2016-2182', 'CVE-2016-2183', 'CVE-2016-6302', 'CVE-2016-6303', 'CVE-2016-6304', 'CVE-2016-6306', 'CVE-2016-7055', 'CVE-2016-8610', 'CVE-2017-3731', 'CVE-2017-3732', 'CVE-2017-3735', 'CVE-2017-3736', 'CVE-2017-3737', 'CVE-2017-3738', 'CVE-2018-0737', 'CVE-2018-0739', 'CVE-2018-5407', 'CVE-2019-1547', 'CVE-2019-1551', 'CVE-2019-1552', 'CVE-2019-1559', 'CVE-2019-1563', 'CVE-2020-1968', 'CVE-2021-23840', 'CVE-2021-23841', 'CVE-2021-3712', 'CVE-2021-4160', 'CVE-2022-0778', 'CVE-2022-1292', 'CVE-2022-2068', 'CVE-2022-4304', 'CVE-2023-0215', 'CVE-2023-0286']",13,20,8
,0.9.8za,2,48,"['CVE-2009-1390', 'CVE-2009-3765', 'CVE-2009-3766', 'CVE-2010-4252', 'CVE-2010-5298', 'CVE-2011-1945', 'CVE-2011-4108', 'CVE-2011-4576', 'CVE-2011-4577', 'CVE-2011-4619', 'CVE-2012-0027', 'CVE-2013-6449', 'CVE-2014-0076', 'CVE-2014-3567', 'CVE-2014-3568', 'CVE-2014-3570', 'CVE-2014-3571', 'CVE-2014-3572', 'CVE-2014-8176', 'CVE-2014-8275', 'CVE-2015-0204', 'CVE-2015-0209', 'CVE-2015-0286', 'CVE-2015-0287', 'CVE-2015-0288', 'CVE-2015-0289', 'CVE-2015-0292', 'CVE-2015-0293', 'CVE-2015-1788', 'CVE-2015-1789', 'CVE-2015-1790', 'CVE-2015-1791', 'CVE-2015-1792', 'CVE-2015-3195', 'CVE-2015-4000', 'CVE-2016-0703', 'CVE-2016-0704', 'CVE-2016-2106', 'CVE-2016-2107', 'CVE-2016-2108', 'CVE-2016-2109', 'CVE-2016-2176', 'CVE-2016-7056', 'CVE-2017-3735', 'CVE-2020-7041', 'CVE-2020-7042', 'CVE-2020-7043', 'CVE-2021-4044']",9,34,5
,1.1.0g,8,13,"['CVE-2009-1390', 'CVE-2009-3765', 'CVE-2009-3766', 'CVE-2017-3738', 'CVE-2018-0733', 'CVE-2018-0737', 'CVE-2018-0739', 'CVE-2018-5407', 'CVE-2019-1543', 'CVE-2019-1547', 'CVE-2019-1552', 'CVE-2019-1563', 'CVE-2022-0778']",2,9,2
,1.0.2a,14,27,"['CVE-2009-1390', 'CVE-2009-3765', 'CVE-2009-3766', 'CVE-2015-3195', 'CVE-2015-4000', 'CVE-2016-7055', 'CVE-2016-8610', 'CVE-2017-3736', 'CVE-2018-5407', 'CVE-2019-1547', 'CVE-2019-1551', 'CVE-2019-1552', 'CVE-2019-1559', 'CVE-2019-1563', 'CVE-2020-1968', 'CVE-2020-7041', 'CVE-2020-7042', 'CVE-2021-23840', 'CVE-2021-23841', 'CVE-2021-3712', 'CVE-2021-4160', 'CVE-2022-0778', 'CVE-2022-1292', 'CVE-2022-2068', 'CVE-2022-4304', 'CVE-2023-0215', 'CVE-2023-0286']",6,15,6
,1.1.1b,2,23,"['CVE-2009-1390', 'CVE-2009-3765', 'CVE-2009-3766', 'CVE-2019-1543', 'CVE-2019-1547', 'CVE-2019-1549', 'CVE-2019-1551', 'CVE-2019-1552', 'CVE-2019-1563', 'CVE-2021-23840', 'CVE-2021-23841', 'CVE-2021-3449', 'CVE-2021-3711', 'CVE-2021-3712', 'CVE-2021-4160', 'CVE-2022-0778', 'CVE-2022-1292', 'CVE-2022-2068', 'CVE-2022-2097', 'CVE-2022-4304', 'CVE-2022-4450', 'CVE-2023-0215', 'CVE-2023-0286']",7,11,5
,1.0.2l,3,26,"['CVE-2009-1390', 'CVE-2009-3765', 'CVE-2009-3766', 'CVE-2017-3735', 'CVE-2017-3736', 'CVE-2017-3737', 'CVE-2017-3738', 'CVE-2018-0737', 'CVE-2018-0739', 'CVE-2018-5407', 'CVE-2019-1547', 'CVE-2019-1551', 'CVE-2019-1552', 'CVE-2019-1559', 'CVE-2019-1563', 'CVE-2020-1968', 'CVE-2021-23840', 'CVE-2021-23841', 'CVE-2021-3712', 'CVE-2021-4160', 'CVE-2022-0778', 'CVE-2022-1292', 'CVE-2022-2068', 'CVE-2022-4304', 'CVE-2023-0215', 'CVE-2023-0286']",5,16,5
,1.1.0e,3,15,"['CVE-2009-1390', 'CVE-2009-3765', 'CVE-2009-3766', 'CVE-2017-3735', 'CVE-2017-3736', 'CVE-2017-3738', 'CVE-2018-0733', 'CVE-2018-0737', 'CVE-2018-0739', 'CVE-2018-5407', 'CVE-2019-1543', 'CVE-2019-1547', 'CVE-2019-1552', 'CVE-2019-1563', 'CVE-2022-0778']",2,11,2
,0.9.7f,2,79,"['CVE-2005-2946', 'CVE-2005-2969', 'CVE-2006-2937', 'CVE-2006-2940', 'CVE-2006-3738', 'CVE-2006-4339', 'CVE-2006-4343', 'CVE-2006-7250', 'CVE-2007-3108', 'CVE-2007-5135', 'CVE-2008-5077', 'CVE-2008-7270', 'CVE-2009-0590', 'CVE-2009-0789', 'CVE-2009-1377', 'CVE-2009-1378', 'CVE-2009-1386', 'CVE-2009-1387', 'CVE-2009-1390', 'CVE-2009-3245', 'CVE-2009-3765', 'CVE-2009-3766', 'CVE-2009-4355', 'CVE-2010-0433', 'CVE-2010-0742', 'CVE-2010-4180', 'CVE-2010-4252', 'CVE-2010-5298', 'CVE-2011-1473', 'CVE-2011-1945', 'CVE-2011-4108', 'CVE-2011-4354', 'CVE-2011-4576', 'CVE-2011-4577', 'CVE-2011-4619', 'CVE-2012-0027', 'CVE-2012-0884', 'CVE-2012-1165', 'CVE-2012-2110', 'CVE-2012-2333', 'CVE-2013-0166', 'CVE-2013-6449', 'CVE-2014-0076', 'CVE-2014-0224', 'CVE-2014-3470', 'CVE-2014-3567', 'CVE-2014-3568', 'CVE-2014-3570', 'CVE-2014-3571', 'CVE-2014-3572', 'CVE-2014-8176', 'CVE-2014-8275', 'CVE-2015-0204', 'CVE-2015-0209', 'CVE-2015-0286', 'CVE-2015-0287', 'CVE-2015-0288', 'CVE-2015-0289', 'CVE-2015-0292', 'CVE-2015-0293', 'CVE-2015-1788', 'CVE-2015-1789', 'CVE-2015-1790', 'CVE-2015-1791', 'CVE-2015-1792', 'CVE-2015-3195', 'CVE-2015-4000', 'CVE-2016-0703', 'CVE-2016-0704', 'CVE-2016-2106', 'CVE-2016-2107', 'CVE-2016-2108', 'CVE-2016-2109', 'CVE-2016-2176', 'CVE-2016-7056', 'CVE-2020-7041', 'CVE-2020-7042', 'CVE-2020-7043', 'CVE-2021-4044']",16,57,6
,1.0.2n,3,22,"['CVE-2009-1390', 'CVE-2009-3765', 'CVE-2009-3766', 'CVE-2018-0737', 'CVE-2018-0739', 'CVE-2018-5407', 'CVE-2019-1547', 'CVE-2019-1551', 'CVE-2019-1552', 'CVE-2019-1559', 'CVE-2019-1563', 'CVE-2020-1968', 'CVE-2021-23840', 'CVE-2021-23841', 'CVE-2021-3712', 'CVE-2021-4160', 'CVE-2022-0778', 'CVE-2022-1292', 'CVE-2022-2068', 'CVE-2022-4304', 'CVE-2023-0215', 'CVE-2023-0286']",5,12,5
,1.1.1i,2,18,"['CVE-2009-1390', 'CVE-2009-3765', 'CVE-2009-3766', 'CVE-2021-23840', 'CVE-2021-23841', 'CVE-2021-3449', 'CVE-2021-3450', 'CVE-2021-3711', 'CVE-2021-3712', 'CVE-2021-4160', 'CVE-2022-0778', 'CVE-2022-1292', 'CVE-2022-2068', 'CVE-2022-2097', 'CVE-2022-4304', 'CVE-2022-4450', 'CVE-2023-0215', 'CVE-2023-0286']",7,8,3
,1.0.1e,2,82,"['CVE-2009-1390', 'CVE-2009-3765', 'CVE-2009-3766', 'CVE-2010-5298', 'CVE-2013-4353', 'CVE-2013-6449', 'CVE-2013-6450', 'CVE-2014-0160', 'CVE-2014-0195', 'CVE-2014-0198', 'CVE-2014-0221', 'CVE-2014-0224', 'CVE-2014-3470', 'CVE-2014-3505', 'CVE-2014-3506', 'CVE-2014-3507', 'CVE-2014-3508', 'CVE-2014-3509', 'CVE-2014-3510', 'CVE-2014-3511', 'CVE-2014-3512', 'CVE-2014-3513', 'CVE-2014-3567', 'CVE-2014-3568', 'CVE-2014-3570', 'CVE-2014-3571', 'CVE-2014-3572', 'CVE-2014-5139', 'CVE-2014-8176', 'CVE-2014-8275', 'CVE-2015-0204', 'CVE-2015-0205', 'CVE-2015-0206', 'CVE-2015-0209', 'CVE-2015-0286', 'CVE-2015-0287', 'CVE-2015-0288', 'CVE-2015-0289', 'CVE-2015-0292', 'CVE-2015-0293', 'CVE-2015-1788', 'CVE-2015-1789', 'CVE-2015-1790', 'CVE-2015-1791', 'CVE-2015-1792', 'CVE-2015-3194', 'CVE-2015-3195', 'CVE-2015-3196', 'CVE-2015-3197', 'CVE-2015-4000', 'CVE-2016-0702', 'CVE-2016-0703', 'CVE-2016-0704', 'CVE-2016-0705', 'CVE-2016-0797', 'CVE-2016-0798', 'CVE-2016-0799', 'CVE-2016-0800', 'CVE-2016-2105', 'CVE-2016-2106', 'CVE-2016-2107', 'CVE-2016-2108', 'CVE-2016-2109', 'CVE-2016-2176', 'CVE-2016-2177', 'CVE-2016-2178', 'CVE-2016-2179', 'CVE-2016-2180', 'CVE-2016-2181', 'CVE-2016-2182', 'CVE-2016-2183', 'CVE-2016-2842', 'CVE-2016-6302', 'CVE-2016-6303', 'CVE-2016-6304', 'CVE-2016-6306', 'CVE-2016-7056', 'CVE-2017-3735', 'CVE-2020-7041', 'CVE-2020-7042', 'CVE-2020-7043', 'CVE-2021-4044']",22,51,9
libexpat,,,,,,,
,2.0.1,22,3,"['CVE-2012-1147', 'CVE-2012-1148', 'CVE-2013-0340']",0,3,0
,2.1.0,3,1,['CVE-2013-0340'],0,1,0
point-to-point_protocol,,,,,,,
,2.4.4,10,4,"['CVE-2006-2194', 'CVE-2014-3158', 'CVE-2015-3310', 'CVE-2020-8597']",2,1,1
,2.4.5,27,3,"['CVE-2014-3158', 'CVE-2015-3310', 'CVE-2020-8597']",1,1,1
,2.4.8,3,1,['CVE-2020-8597'],0,0,1
,2.4.1,6,5,"['CVE-2004-1002', 'CVE-2004-2695', 'CVE-2006-2194', 'CVE-2014-3158', 'CVE-2015-3310']",3,2,0
,2.4.6,2,3,"['CVE-2014-3158', 'CVE-2015-3310', 'CVE-2020-8597']",1,1,1
,2.4.3,27,4,"['CVE-2006-2194', 'CVE-2014-3158', 'CVE-2015-3310', 'CVE-2020-8597']",2,1,1
ntp,,,,,,,
,4.2.4p7,3,50,"['CVE-2014-9294', 'CVE-2014-9295', 'CVE-2014-9296', 'CVE-2014-9751', 'CVE-2015-5194', 'CVE-2015-5195', 'CVE-2015-5219', 'CVE-2015-5300', 'CVE-2015-7691', 'CVE-2015-7692', 'CVE-2015-7701', 'CVE-2015-7702', 'CVE-2015-7703', 'CVE-2015-7704', 'CVE-2015-7705', 'CVE-2015-7849', 'CVE-2015-7850', 'CVE-2015-7851', 'CVE-2015-7852', 'CVE-2015-7853', 'CVE-2015-7854', 'CVE-2015-7855', 'CVE-2015-7973', 'CVE-2015-7975', 'CVE-2015-7976', 'CVE-2015-7977', 'CVE-2015-7978', 'CVE-2015-7979', 'CVE-2015-8138', 'CVE-2015-8139', 'CVE-2015-8140', 'CVE-2015-8158', 'CVE-2016-1547', 'CVE-2016-2516', 'CVE-2016-2517', 'CVE-2016-2518', 'CVE-2016-2519', 'CVE-2016-4953', 'CVE-2016-4954', 'CVE-2016-4955', 'CVE-2016-4956', 'CVE-2016-7429', 'CVE-2016-7433', 'CVE-2016-9310', 'CVE-2016-9311', 'CVE-2016-9312', 'CVE-2017-6458', 'CVE-2018-7170', 'CVE-2019-8936', 'CVE-2020-13817']",21,26,3
dnsmasq,,,,,,,
,2.59,1,23,"['CVE-2012-3411', 'CVE-2013-0198', 'CVE-2015-3294', 'CVE-2015-8899', 'CVE-2017-13704', 'CVE-2017-14491', 'CVE-2017-14492', 'CVE-2017-14493', 'CVE-2017-14494', 'CVE-2017-14495', 'CVE-2017-14496', 'CVE-2017-15107', 'CVE-2019-14513', 'CVE-2019-14834', 'CVE-2020-25681', 'CVE-2020-25682', 'CVE-2020-25683', 'CVE-2020-25684', 'CVE-2020-25685', 'CVE-2020-25686', 'CVE-2020-25687', 'CVE-2021-3448', 'CVE-2022-0934']",9,7,7
,2.85,3,1,['CVE-2022-0934'],1,0,0
,2.52,9,23,"['CVE-2012-3411', 'CVE-2013-0198', 'CVE-2015-3294', 'CVE-2015-8899', 'CVE-2017-13704', 'CVE-2017-14491', 'CVE-2017-14492', 'CVE-2017-14493', 'CVE-2017-14494', 'CVE-2017-14495', 'CVE-2017-14496', 'CVE-2017-15107', 'CVE-2019-14513', 'CVE-2019-14834', 'CVE-2020-25681', 'CVE-2020-25682', 'CVE-2020-25683', 'CVE-2020-25684', 'CVE-2020-25685', 'CVE-2020-25686', 'CVE-2020-25687', 'CVE-2021-3448', 'CVE-2022-0934']",9,7,7
,2.45,2,25,"['CVE-2009-2957', 'CVE-2009-2958', 'CVE-2012-3411', 'CVE-2013-0198', 'CVE-2015-3294', 'CVE-2015-8899', 'CVE-2017-13704', 'CVE-2017-14491', 'CVE-2017-14492', 'CVE-2017-14493', 'CVE-2017-14494', 'CVE-2017-14495', 'CVE-2017-14496', 'CVE-2017-15107', 'CVE-2019-14513', 'CVE-2019-14834', 'CVE-2020-25681', 'CVE-2020-25682', 'CVE-2020-25683', 'CVE-2020-25684', 'CVE-2020-25685', 'CVE-2020-25686', 'CVE-2020-25687', 'CVE-2021-3448', 'CVE-2022-0934']",9,9,7
,2.41,7,25,"['CVE-2009-2957', 'CVE-2009-2958', 'CVE-2012-3411', 'CVE-2013-0198', 'CVE-2015-3294', 'CVE-2015-8899', 'CVE-2017-13704', 'CVE-2017-14491', 'CVE-2017-14492', 'CVE-2017-14493', 'CVE-2017-14494', 'CVE-2017-14495', 'CVE-2017-14496', 'CVE-2017-15107', 'CVE-2019-14513', 'CVE-2019-14834', 'CVE-2020-25681', 'CVE-2020-25682', 'CVE-2020-25683', 'CVE-2020-25684', 'CVE-2020-25685', 'CVE-2020-25686', 'CVE-2020-25687', 'CVE-2021-3448', 'CVE-2022-0934']",9,9,7
,2.62,18,23,"['CVE-2012-3411', 'CVE-2013-0198', 'CVE-2015-3294', 'CVE-2015-8899', 'CVE-2017-13704', 'CVE-2017-14491', 'CVE-2017-14492', 'CVE-2017-14493', 'CVE-2017-14494', 'CVE-2017-14495', 'CVE-2017-14496', 'CVE-2017-15107', 'CVE-2019-14513', 'CVE-2019-14834', 'CVE-2020-25681', 'CVE-2020-25682', 'CVE-2020-25683', 'CVE-2020-25684', 'CVE-2020-25685', 'CVE-2020-25686', 'CVE-2020-25687', 'CVE-2021-3448', 'CVE-2022-0934']",9,7,7
,2.83,7,2,"['CVE-2021-3448', 'CVE-2022-0934']",1,1,0
wpa_supplicant,,,,,,,
,0.7,1,12,"['CVE-2015-8041', 'CVE-2016-4476', 'CVE-2019-11555', 'CVE-2019-16275', 'CVE-2019-9494', 'CVE-2019-9495', 'CVE-2019-9496', 'CVE-2019-9497', 'CVE-2019-9498', 'CVE-2019-9499', 'CVE-2022-23303', 'CVE-2022-23304']",5,4,3
,2.6,9,22,"['CVE-2017-13077', 'CVE-2017-13078', 'CVE-2017-13079', 'CVE-2017-13080', 'CVE-2017-13081', 'CVE-2017-13082', 'CVE-2017-13084', 'CVE-2017-13086', 'CVE-2017-13087', 'CVE-2017-13088', 'CVE-2018-14526', 'CVE-2019-11555', 'CVE-2019-16275', 'CVE-2019-9494', 'CVE-2019-9495', 'CVE-2019-9496', 'CVE-2019-9497', 'CVE-2019-9498', 'CVE-2019-9499', 'CVE-2021-27803', 'CVE-2022-23303', 'CVE-2022-23304']",6,13,3
,0.5,4,11,"['CVE-2015-8041', 'CVE-2019-11555', 'CVE-2019-16275', 'CVE-2019-9494', 'CVE-2019-9495', 'CVE-2019-9496', 'CVE-2019-9497', 'CVE-2019-9498', 'CVE-2019-9499', 'CVE-2022-23303', 'CVE-2022-23304']",4,4,3
,2.0,10,35,"['CVE-2014-3686', 'CVE-2015-1863', 'CVE-2015-4141', 'CVE-2015-4142', 'CVE-2015-4143', 'CVE-2015-4144', 'CVE-2015-4145', 'CVE-2015-4146', 'CVE-2015-5314', 'CVE-2015-5315', 'CVE-2015-5316', 'CVE-2015-8041', 'CVE-2016-4476', 'CVE-2017-13077', 'CVE-2017-13078', 'CVE-2017-13079', 'CVE-2017-13080', 'CVE-2017-13081', 'CVE-2017-13082', 'CVE-2017-13084', 'CVE-2017-13086', 'CVE-2017-13087', 'CVE-2017-13088', 'CVE-2018-14526', 'CVE-2019-11555', 'CVE-2019-16275', 'CVE-2019-9494', 'CVE-2019-9495', 'CVE-2019-9496', 'CVE-2019-9497', 'CVE-2019-9498', 'CVE-2019-9499', 'CVE-2021-27803', 'CVE-2022-23303', 'CVE-2022-23304']",7,25,3
,2.7,11,11,"['CVE-2019-11555', 'CVE-2019-16275', 'CVE-2019-9494', 'CVE-2019-9495', 'CVE-2019-9496', 'CVE-2019-9497', 'CVE-2019-9498', 'CVE-2019-9499', 'CVE-2021-27803', 'CVE-2022-23303', 'CVE-2022-23304']",5,3,3
vsftpd,,,,,,,
,2.1.0,3,3,"['CVE-2015-1419', 'CVE-2011-0762', 'CVE-2021-3618']",1,2,0
,3.0.2,3,2,"['CVE-2015-1419', 'CVE-2021-3618']",1,1,0
,2.3.2,2,3,"['CVE-2015-1419', 'CVE-2011-0762', 'CVE-2021-3618']",1,2,0
iptables,,,,,,,
,1.4.9.1,3,1,['CVE-2012-2663'],1,0,0
,1.4.21,30,1,['CVE-2012-2663'],1,0,0
,0.0.0.0,13,3,"['CVE-2001-1387', 'CVE-2001-1388', 'CVE-2012-2663']",1,1,1
,1.4.4,8,1,['CVE-2012-2663'],1,0,0
,1.4.12,6,1,['CVE-2012-2663'],1,0,0
,1.4.5,2,1,['CVE-2012-2663'],1,0,0
,1.4.17,2,1,['CVE-2012-2663'],1,0,0
gcc,,,,,,,
,3.3.2,66,5,"['CVE-2000-1219', 'CVE-2002-2439', 'CVE-2015-5276', 'CVE-2019-15847', 'CVE-2021-37322']",4,1,0
,3.4.6,2,4,"['CVE-2002-2439', 'CVE-2015-5276', 'CVE-2019-15847', 'CVE-2021-37322']",3,1,0
,9.1.0,1,2,"['CVE-2019-15847', 'CVE-2021-37322']",2,0,0
,4.4.5,3,5,"['CVE-2002-2439', 'CVE-2015-5276', 'CVE-2018-12886', 'CVE-2019-15847', 'CVE-2021-37322']",4,1,0
,3.4.2,11,4,"['CVE-2002-2439', 'CVE-2015-5276', 'CVE-2019-15847', 'CVE-2021-37322']",3,1,0
,6.4.0,3,3,"['CVE-2018-12886', 'CVE-2019-15847', 'CVE-2021-37322']",3,0,0
,4.2.3,2,6,"['CVE-2002-2439', 'CVE-2008-1685', 'CVE-2015-5276', 'CVE-2018-12886', 'CVE-2019-15847', 'CVE-2021-37322']",4,2,0
,4.3.3,9,5,"['CVE-2002-2439', 'CVE-2015-5276', 'CVE-2018-12886', 'CVE-2019-15847', 'CVE-2021-37322']",4,1,0
,4.1.2,2,5,"['CVE-2002-2439', 'CVE-2015-5276', 'CVE-2018-12886', 'CVE-2019-15847', 'CVE-2021-37322']",4,1,0
libjpeg,,,,,,,
,6b,28,1,['CVE-2020-14152'],1,0,0
,9b,4,2,"['CVE-2020-14152', 'CVE-2020-14153']",2,0,0
,8c,2,2,"['CVE-2020-14152', 'CVE-2020-14153']",2,0,0
stunnel,,,,,,,
,4.21,2,5,"['CVE-2008-2400', 'CVE-2008-2420', 'CVE-2013-1762', 'CVE-2014-0016', 'CVE-2021-20230']",2,3,0
,5.21,3,1,['CVE-2021-20230'],1,0,0
,4.15,7,5,"['CVE-2008-2400', 'CVE-2008-2420', 'CVE-2013-1762', 'CVE-2014-0016', 'CVE-2021-20230']",2,3,0
zlib,,,,,,,
,1.2.11,19,1,['CVE-2022-37434'],0,0,1
,1.2.8,31,4,"['CVE-2016-9842', 'CVE-2016-9840', 'CVE-2016-9841', 'CVE-2022-37434']",2,0,2
,1.2.3,30,3,"['CVE-2016-9840', 'CVE-2016-9841', 'CVE-2022-37434']",1,0,2
,1.1.4,11,2,"['CVE-2003-0107', 'CVE-2022-37434']",1,0,1
,1.2.7,25,4,"['CVE-2016-9842', 'CVE-2016-9840', 'CVE-2016-9841', 'CVE-2022-37434']",2,0,2
,1.2.6,2,4,"['CVE-2016-9842', 'CVE-2016-9840', 'CVE-2016-9841', 'CVE-2022-37434']",2,0,2
miniupnpc,,,,,,,
,1.6,15,2,"['CVE-2015-6031', 'CVE-2017-8798']",0,0,2
,1.8,11,2,"['CVE-2015-6031', 'CVE-2017-8798']",0,0,2
curl,,,,,,,
,7.66.0,15,24,"['CVE-2020-8169', 'CVE-2020-8177', 'CVE-2020-8284', 'CVE-2021-22897', 'CVE-2021-22898', 'CVE-2021-22922', 'CVE-2021-22923', 'CVE-2021-22925', 'CVE-2021-22926', 'CVE-2021-22946', 'CVE-2021-22947', 'CVE-2022-22576', 'CVE-2022-27774', 'CVE-2022-27775', 'CVE-2022-27776', 'CVE-2022-27781', 'CVE-2022-27782', 'CVE-2022-32206', 'CVE-2022-32207', 'CVE-2022-32208', 'CVE-2022-32221', 'CVE-2022-35252', 'CVE-2022-43552', 'CVE-2023-23916']",9,10,5
,7.52.1,15,35,"['CVE-2017-1000101', 'CVE-2017-2629', 'CVE-2017-8816', 'CVE-2017-8817', 'CVE-2017-9502', 'CVE-2018-1000007', 'CVE-2018-1000120', 'CVE-2018-1000121', 'CVE-2018-1000122', 'CVE-2018-1000301', 'CVE-2018-16839', 'CVE-2018-16842', 'CVE-2019-5443', 'CVE-2019-5481', 'CVE-2019-5482', 'CVE-2020-8177', 'CVE-2020-8284', 'CVE-2021-22898', 'CVE-2021-22922', 'CVE-2021-22923', 'CVE-2021-22925', 'CVE-2021-22926', 'CVE-2021-22946', 'CVE-2021-22947', 'CVE-2022-22576', 'CVE-2022-27774', 'CVE-2022-27776', 'CVE-2022-27781', 'CVE-2022-27782', 'CVE-2022-32206', 'CVE-2022-32207', 'CVE-2022-32208', 'CVE-2022-32221', 'CVE-2022-35252', 'CVE-2022-43552']",8,12,15
,7.37.0,3,58,"['CVE-2014-3613', 'CVE-2014-3620', 'CVE-2015-3144', 'CVE-2015-3145', 'CVE-2015-3148', 'CVE-2015-3153', 'CVE-2016-0754', 'CVE-2016-0755', 'CVE-2016-4606', 'CVE-2016-4802', 'CVE-2016-8615', 'CVE-2016-8616', 'CVE-2016-8617', 'CVE-2016-8618', 'CVE-2016-8619', 'CVE-2016-8620', 'CVE-2016-8621', 'CVE-2016-8623', 'CVE-2016-8624', 'CVE-2016-8625', 'CVE-2016-9586', 'CVE-2016-9594', 'CVE-2016-9952', 'CVE-2016-9953', 'CVE-2017-1000101', 'CVE-2017-2629', 'CVE-2017-8816', 'CVE-2017-8817', 'CVE-2017-9502', 'CVE-2018-1000007', 'CVE-2018-1000120', 'CVE-2018-1000121', 'CVE-2018-1000122', 'CVE-2018-1000301', 'CVE-2018-16839', 'CVE-2018-16842', 'CVE-2019-5443', 'CVE-2019-5482', 'CVE-2020-8177', 'CVE-2020-8284', 'CVE-2021-22898', 'CVE-2021-22922', 'CVE-2021-22923', 'CVE-2021-22925', 'CVE-2021-22926', 'CVE-2021-22946', 'CVE-2021-22947', 'CVE-2022-22576', 'CVE-2022-27774', 'CVE-2022-27776', 'CVE-2022-27781', 'CVE-2022-27782', 'CVE-2022-32206', 'CVE-2022-32207', 'CVE-2022-32208', 'CVE-2022-32221', 'CVE-2022-35252', 'CVE-2022-43552']",21,18,19
,7.73.0,3,29,"['CVE-2020-8284', 'CVE-2020-8285', 'CVE-2020-8286', 'CVE-2021-22876', 'CVE-2021-22890', 'CVE-2021-22897', 'CVE-2021-22898', 'CVE-2021-22922', 'CVE-2021-22923', 'CVE-2021-22924', 'CVE-2021-22925', 'CVE-2021-22926', 'CVE-2021-22945', 'CVE-2021-22946', 'CVE-2021-22947', 'CVE-2022-22576', 'CVE-2022-27774', 'CVE-2022-27775', 'CVE-2022-27776', 'CVE-2022-27781', 'CVE-2022-27782', 'CVE-2022-32205', 'CVE-2022-32206', 'CVE-2022-32207', 'CVE-2022-32208', 'CVE-2022-32221', 'CVE-2022-35252', 'CVE-2022-43552', 'CVE-2023-23916']",9,12,8
,7.61.1,3,28,"['CVE-2018-16839', 'CVE-2018-16840', 'CVE-2018-16842', 'CVE-2019-5443', 'CVE-2019-5481', 'CVE-2019-5482', 'CVE-2020-8177', 'CVE-2020-8284', 'CVE-2021-22897', 'CVE-2021-22898', 'CVE-2021-22922', 'CVE-2021-22923', 'CVE-2021-22925', 'CVE-2021-22926', 'CVE-2021-22946', 'CVE-2021-22947', 'CVE-2022-22576', 'CVE-2022-27774', 'CVE-2022-27776', 'CVE-2022-27781', 'CVE-2022-27782', 'CVE-2022-32206', 'CVE-2022-32207', 'CVE-2022-32208', 'CVE-2022-32221', 'CVE-2022-35252', 'CVE-2022-43552', 'CVE-2023-23916']",8,10,10
,7.75.0,2,27,"['CVE-2021-22876', 'CVE-2021-22890', 'CVE-2021-22897', 'CVE-2021-22898', 'CVE-2021-22901', 'CVE-2021-22922', 'CVE-2021-22923', 'CVE-2021-22924', 'CVE-2021-22925', 'CVE-2021-22926', 'CVE-2021-22945', 'CVE-2021-22946', 'CVE-2021-22947', 'CVE-2022-22576', 'CVE-2022-27774', 'CVE-2022-27775', 'CVE-2022-27776', 'CVE-2022-27781', 'CVE-2022-27782', 'CVE-2022-32205', 'CVE-2022-32206', 'CVE-2022-32207', 'CVE-2022-32208', 'CVE-2022-32221', 'CVE-2022-35252', 'CVE-2022-43552', 'CVE-2023-23916']",8,12,7
,7.68.0,3,30,"['CVE-2020-8169', 'CVE-2020-8177', 'CVE-2020-8231', 'CVE-2020-8284', 'CVE-2020-8285', 'CVE-2020-8286', 'CVE-2021-22876', 'CVE-2021-22890', 'CVE-2021-22897', 'CVE-2021-22898', 'CVE-2021-22922', 'CVE-2021-22923', 'CVE-2021-22924', 'CVE-2021-22925', 'CVE-2021-22926', 'CVE-2021-22946', 'CVE-2021-22947', 'CVE-2022-22576', 'CVE-2022-27774', 'CVE-2022-27775', 'CVE-2022-27776', 'CVE-2022-27781', 'CVE-2022-27782', 'CVE-2022-32206', 'CVE-2022-32207', 'CVE-2022-32208', 'CVE-2022-32221', 'CVE-2022-35252', 'CVE-2022-43552', 'CVE-2023-23916']",12,11,7
,7.79.1,8,19,"['CVE-2022-22576', 'CVE-2022-27774', 'CVE-2022-27775', 'CVE-2022-27776', 'CVE-2022-27781', 'CVE-2022-27782', 'CVE-2022-32205', 'CVE-2022-32206', 'CVE-2022-32207', 'CVE-2022-32208', 'CVE-2022-32221', 'CVE-2022-35252', 'CVE-2022-42915', 'CVE-2022-42916', 'CVE-2022-43551', 'CVE-2022-43552', 'CVE-2023-23914', 'CVE-2023-23915', 'CVE-2023-23916']",7,7,5
,7.57.0,7,33,"['CVE-2018-0500', 'CVE-2018-1000007', 'CVE-2018-1000120', 'CVE-2018-1000121', 'CVE-2018-1000122', 'CVE-2018-1000300', 'CVE-2018-1000301', 'CVE-2018-16839', 'CVE-2018-16842', 'CVE-2019-5443', 'CVE-2019-5481', 'CVE-2019-5482', 'CVE-2020-8177', 'CVE-2020-8284', 'CVE-2021-22898', 'CVE-2021-22922', 'CVE-2021-22923', 'CVE-2021-22925', 'CVE-2021-22926', 'CVE-2021-22946', 'CVE-2021-22947', 'CVE-2022-22576', 'CVE-2022-27774', 'CVE-2022-27776', 'CVE-2022-27781', 'CVE-2022-27782', 'CVE-2022-32206', 'CVE-2022-32207', 'CVE-2022-32208', 'CVE-2022-32221', 'CVE-2022-35252', 'CVE-2022-43552', 'CVE-2023-23916']",9,9,15
,7.29.0,20,58,"['CVE-2013-1944', 'CVE-2013-2174', 'CVE-2013-4545', 'CVE-2014-0015', 'CVE-2014-0138', 'CVE-2014-0139', 'CVE-2014-2522', 'CVE-2014-3613', 'CVE-2014-3620', 'CVE-2015-3143', 'CVE-2015-3148', 'CVE-2015-3153', 'CVE-2016-0754', 'CVE-2016-0755', 'CVE-2016-3739', 'CVE-2016-4606', 'CVE-2016-4802', 'CVE-2016-8615', 'CVE-2016-8616', 'CVE-2016-8617', 'CVE-2016-8618', 'CVE-2016-8619', 'CVE-2016-8620', 'CVE-2016-8621', 'CVE-2016-8623', 'CVE-2016-8624', 'CVE-2016-8625', 'CVE-2016-9586', 'CVE-2016-9594', 'CVE-2017-2629', 'CVE-2017-8817', 'CVE-2017-9502', 'CVE-2018-1000007', 'CVE-2018-1000120', 'CVE-2018-1000121', 'CVE-2018-1000122', 'CVE-2018-1000301', 'CVE-2018-16842', 'CVE-2019-5443', 'CVE-2019-5482', 'CVE-2020-8177', 'CVE-2020-8284', 'CVE-2021-22898', 'CVE-2021-22922', 'CVE-2021-22923', 'CVE-2021-22925', 'CVE-2021-22946', 'CVE-2021-22947', 'CVE-2022-27774', 'CVE-2022-27776', 'CVE-2022-27781', 'CVE-2022-27782', 'CVE-2022-32206', 'CVE-2022-32207', 'CVE-2022-32208', 'CVE-2022-32221', 'CVE-2022-35252', 'CVE-2022-43552']",16,26,16
,7.52.2,9,34,"['CVE-2017-2629', 'CVE-2017-8816', 'CVE-2017-8817', 'CVE-2017-9502', 'CVE-2018-1000007', 'CVE-2018-1000120', 'CVE-2018-1000121', 'CVE-2018-1000122', 'CVE-2018-1000301', 'CVE-2018-16839', 'CVE-2018-16842', 'CVE-2019-5443', 'CVE-2019-5481', 'CVE-2019-5482', 'CVE-2020-8177', 'CVE-2020-8284', 'CVE-2021-22898', 'CVE-2021-22922', 'CVE-2021-22923', 'CVE-2021-22925', 'CVE-2021-22926', 'CVE-2021-22946', 'CVE-2021-22947', 'CVE-2022-22576', 'CVE-2022-27774', 'CVE-2022-27776', 'CVE-2022-27781', 'CVE-2022-27782', 'CVE-2022-32206', 'CVE-2022-32207', 'CVE-2022-32208', 'CVE-2022-32221', 'CVE-2022-35252', 'CVE-2022-43552']",8,11,15
,7.72.0,2,28,"['CVE-2020-8284', 'CVE-2020-8285', 'CVE-2020-8286', 'CVE-2021-22876', 'CVE-2021-22890', 'CVE-2021-22897', 'CVE-2021-22898', 'CVE-2021-22922', 'CVE-2021-22923', 'CVE-2021-22924', 'CVE-2021-22925', 'CVE-2021-22926', 'CVE-2021-22946', 'CVE-2021-22947', 'CVE-2022-22576', 'CVE-2022-27774', 'CVE-2022-27775', 'CVE-2022-27776', 'CVE-2022-27781', 'CVE-2022-27782', 'CVE-2022-32205', 'CVE-2022-32206', 'CVE-2022-32207', 'CVE-2022-32208', 'CVE-2022-32221', 'CVE-2022-35252', 'CVE-2022-43552', 'CVE-2023-23916']",9,12,7
libcurl,,,,,,,
,7.66.0,15,6,"['CVE-2020-8231', 'CVE-2020-8285', 'CVE-2020-8286', 'CVE-2021-22876', 'CVE-2021-22890', 'CVE-2021-22924']",3,1,2
,7.52.1,15,17,"['CVE-2017-1000100', 'CVE-2017-1000254', 'CVE-2017-1000257', 'CVE-2017-7468', 'CVE-2017-8816', 'CVE-2017-8817', 'CVE-2018-1000005', 'CVE-2018-14618', 'CVE-2018-16890', 'CVE-2019-3822', 'CVE-2019-3823', 'CVE-2019-5436', 'CVE-2020-8231', 'CVE-2020-8285', 'CVE-2020-8286', 'CVE-2021-22876', 'CVE-2021-22924']",8,2,7
,7.37.0,3,30,"['CVE-2014-3613', 'CVE-2014-3620', 'CVE-2014-3707', 'CVE-2014-8150', 'CVE-2014-8151', 'CVE-2015-3143', 'CVE-2015-3144', 'CVE-2015-3145', 'CVE-2015-3148', 'CVE-2015-3153', 'CVE-2016-5419', 'CVE-2016-5420', 'CVE-2016-5421', 'CVE-2016-7141', 'CVE-2016-7167', 'CVE-2016-8622', 'CVE-2017-1000100', 'CVE-2017-1000254', 'CVE-2017-1000257', 'CVE-2017-8816', 'CVE-2017-8817', 'CVE-2018-14618', 'CVE-2018-16890', 'CVE-2019-3822', 'CVE-2019-3823', 'CVE-2019-5436', 'CVE-2020-8231', 'CVE-2020-8285', 'CVE-2021-22876', 'CVE-2021-22924']",12,10,8
,7.73.0,3,6,"['CVE-2020-8285', 'CVE-2020-8286', 'CVE-2021-22876', 'CVE-2021-22890', 'CVE-2021-22924', 'CVE-2021-22945']",2,1,3
,7.61.1,3,9,"['CVE-2018-16890', 'CVE-2019-3822', 'CVE-2019-3823', 'CVE-2019-5436', 'CVE-2020-8231', 'CVE-2020-8285', 'CVE-2020-8286', 'CVE-2021-22876', 'CVE-2021-22924']",6,1,2
,7.75.0,2,4,"['CVE-2021-22876', 'CVE-2021-22890', 'CVE-2021-22924', 'CVE-2021-22945']",0,1,3
,7.68.0,3,6,"['CVE-2020-8231', 'CVE-2020-8285', 'CVE-2020-8286', 'CVE-2021-22876', 'CVE-2021-22890', 'CVE-2021-22924']",3,1,2
,7.57.0,7,11,"['CVE-2018-1000005', 'CVE-2018-14618', 'CVE-2018-16890', 'CVE-2019-3822', 'CVE-2019-3823', 'CVE-2019-5436', 'CVE-2020-8231', 'CVE-2020-8285', 'CVE-2020-8286', 'CVE-2021-22876', 'CVE-2021-22924']",6,1,4
,7.29.0,20,31,"['CVE-2013-1944', 'CVE-2013-2174', 'CVE-2013-4545', 'CVE-2013-6422', 'CVE-2014-0015', 'CVE-2014-0138', 'CVE-2014-0139', 'CVE-2014-2522', 'CVE-2014-3613', 'CVE-2014-3620', 'CVE-2014-3707', 'CVE-2014-8150', 'CVE-2015-3143', 'CVE-2015-3148', 'CVE-2015-3153', 'CVE-2016-5419', 'CVE-2016-5420', 'CVE-2016-5421', 'CVE-2016-7141', 'CVE-2016-7167', 'CVE-2016-8622', 'CVE-2017-1000100', 'CVE-2017-1000254', 'CVE-2017-1000257', 'CVE-2017-8817', 'CVE-2018-14618', 'CVE-2019-5436', 'CVE-2020-8231', 'CVE-2020-8285', 'CVE-2021-22876', 'CVE-2021-22924']",8,17,6
,7.52.2,9,15,"['CVE-2017-1000257', 'CVE-2017-7468', 'CVE-2017-8816', 'CVE-2017-8817', 'CVE-2018-1000005', 'CVE-2018-14618', 'CVE-2018-16890', 'CVE-2019-3822', 'CVE-2019-3823', 'CVE-2019-5436', 'CVE-2020-8231', 'CVE-2020-8285', 'CVE-2020-8286', 'CVE-2021-22876', 'CVE-2021-22924']",7,1,7
,7.72.0,2,5,"['CVE-2020-8285', 'CVE-2020-8286', 'CVE-2021-22876', 'CVE-2021-22890', 'CVE-2021-22924']",2,1,2
sqlite,,,,,,,
,3.8.9,1,23,"['CVE-2015-5895', 'CVE-2017-10989', 'CVE-2017-15286', 'CVE-2018-20346', 'CVE-2018-20505', 'CVE-2018-20506', 'CVE-2018-8740', 'CVE-2019-16168', 'CVE-2019-19242', 'CVE-2019-19244', 'CVE-2019-19645', 'CVE-2019-19646', 'CVE-2019-5018', 'CVE-2019-8457', 'CVE-2020-11655', 'CVE-2020-11656', 'CVE-2020-13434', 'CVE-2020-13435', 'CVE-2020-13630', 'CVE-2020-13631', 'CVE-2020-13632', 'CVE-2020-15358', 'CVE-2021-20227']",8,9,6
,3.32.3,3,1,['CVE-2021-20227'],0,1,0
,3.7.12.1,26,26,"['CVE-2015-3415', 'CVE-2015-3717', 'CVE-2015-5895', 'CVE-2015-6607', 'CVE-2017-10989', 'CVE-2017-15286', 'CVE-2018-20346', 'CVE-2018-20505', 'CVE-2018-20506', 'CVE-2018-8740', 'CVE-2019-16168', 'CVE-2019-19242', 'CVE-2019-19244', 'CVE-2019-19645', 'CVE-2019-19646', 'CVE-2019-5018', 'CVE-2019-8457', 'CVE-2020-11655', 'CVE-2020-11656', 'CVE-2020-13434', 'CVE-2020-13435', 'CVE-2020-13630', 'CVE-2020-13631', 'CVE-2020-13632', 'CVE-2020-15358', 'CVE-2021-20227']",10,10,6
,3.8.10.1,1,23,"['CVE-2015-5895', 'CVE-2017-10989', 'CVE-2017-15286', 'CVE-2018-20346', 'CVE-2018-20505', 'CVE-2018-20506', 'CVE-2018-8740', 'CVE-2019-16168', 'CVE-2019-19242', 'CVE-2019-19244', 'CVE-2019-19645', 'CVE-2019-19646', 'CVE-2019-5018', 'CVE-2019-8457', 'CVE-2020-11655', 'CVE-2020-11656', 'CVE-2020-13434', 'CVE-2020-13435', 'CVE-2020-13630', 'CVE-2020-13631', 'CVE-2020-13632', 'CVE-2020-15358', 'CVE-2021-20227']",8,9,6
lua,,,,,,,
,5.1.4,27,4,"['CVE-2014-5461', 'CVE-2020-15888', 'CVE-2020-15945', 'CVE-2021-43519']",1,3,0
e2fsprogs,,,,,,,
,1.41.3,2,2,"['CVE-2015-0247', 'CVE-2015-1572']",0,2,0
d-bus,,,,,,,
,1.2.16,2,4,"['CVE-2011-2200', 'CVE-2014-3636', 'CVE-2014-3638', 'CVE-2014-3639']",0,1,3
dbus,,,,,,,
,1.2.16,2,11,"['CVE-2011-2533', 'CVE-2013-2168', 'CVE-2014-3477', 'CVE-2014-3635', 'CVE-2014-7824', 'CVE-2015-0245', 'CVE-2019-12749', 'CVE-2020-12049', 'CVE-2022-42010', 'CVE-2022-42011', 'CVE-2022-42012']",1,3,7
libdbus,,,,,,,
,1.2.16,2,1,['CVE-2012-3524'],0,1,0
lighttpd,,,,,,,
,1.4.32,11,11,"['CVE-2012-5533', 'CVE-2013-4559', 'CVE-2013-4560', 'CVE-2014-2324', 'CVE-2015-3200', 'CVE-2016-1000212', 'CVE-2018-19052', 'CVE-2019-11072', 'CVE-2022-22707', 'CVE-2022-37797', 'CVE-2022-41556']",4,4,3
ffmpeg,,,,,,,
,3.4.1,3,18,"['CVE-2018-10001', 'CVE-2018-14394', 'CVE-2018-1999010', 'CVE-2018-1999011', 'CVE-2018-1999012', 'CVE-2018-1999013', 'CVE-2018-1999014', 'CVE-2018-1999015', 'CVE-2018-6912', 'CVE-2018-7557', 'CVE-2018-7751', 'CVE-2018-9841', 'CVE-2019-15942', 'CVE-2019-17542', 'CVE-2021-3566', 'CVE-2021-38291', 'CVE-2022-3109', 'CVE-2022-3341']",5,11,2
,4.99.1,3,3,"['CVE-2022-3109', 'CVE-2022-3341', 'CVE-2022-3964']",2,1,0
,2.5.2,2,89,"['CVE-2015-6761', 'CVE-2015-6818', 'CVE-2015-6819', 'CVE-2015-6820', 'CVE-2015-6821', 'CVE-2015-6823', 'CVE-2015-6824', 'CVE-2015-6825', 'CVE-2015-6826', 'CVE-2015-8216', 'CVE-2015-8217', 'CVE-2015-8218', 'CVE-2015-8219', 'CVE-2015-8661', 'CVE-2015-8662', 'CVE-2016-10190', 'CVE-2016-10191', 'CVE-2016-10192', 'CVE-2016-1898', 'CVE-2016-2213', 'CVE-2016-2326', 'CVE-2016-2327', 'CVE-2016-2328', 'CVE-2016-2329', 'CVE-2016-2330', 'CVE-2016-5199', 'CVE-2016-6164', 'CVE-2016-6671', 'CVE-2016-6881', 'CVE-2016-6920', 'CVE-2016-7122', 'CVE-2016-7450', 'CVE-2016-7502', 'CVE-2016-7555', 'CVE-2016-7562', 'CVE-2016-7785', 'CVE-2016-7905', 'CVE-2016-8595', 'CVE-2016-9561', 'CVE-2017-11399', 'CVE-2017-11665', 'CVE-2017-11719', 'CVE-2017-14054', 'CVE-2017-14055', 'CVE-2017-14056', 'CVE-2017-14057', 'CVE-2017-14058', 'CVE-2017-14059', 'CVE-2017-14169', 'CVE-2017-14170', 'CVE-2017-14171', 'CVE-2017-14222', 'CVE-2017-14223', 'CVE-2017-14225', 'CVE-2017-14767', 'CVE-2017-15186', 'CVE-2017-15672', 'CVE-2017-5024', 'CVE-2017-5025', 'CVE-2017-7859', 'CVE-2017-7862', 'CVE-2017-7863', 'CVE-2017-7865', 'CVE-2017-7866', 'CVE-2017-9608', 'CVE-2017-9990', 'CVE-2017-9991', 'CVE-2017-9992', 'CVE-2017-9993', 'CVE-2017-9994', 'CVE-2017-9996', 'CVE-2018-10001', 'CVE-2018-14394', 'CVE-2018-1999010', 'CVE-2018-1999011', 'CVE-2018-1999012', 'CVE-2018-1999013', 'CVE-2018-1999014', 'CVE-2018-1999015', 'CVE-2018-6621', 'CVE-2018-6912', 'CVE-2018-7751', 'CVE-2018-9841', 'CVE-2019-15942', 'CVE-2019-17542', 'CVE-2021-3566', 'CVE-2021-38291', 'CVE-2022-3109', 'CVE-2022-3341']",41,35,13
libpcap,,,,,,,
,1.4.0,3,6,"['CVE-2018-16301', 'CVE-2019-15161', 'CVE-2019-15162', 'CVE-2019-15163', 'CVE-2019-15164', 'CVE-2019-15165']",2,3,1
,1.9.1,5,6,"['CVE-2018-16301', 'CVE-2019-15161', 'CVE-2019-15162', 'CVE-2019-15163', 'CVE-2019-15164', 'CVE-2019-15165']",2,3,1
,1.5.3,3,6,"['CVE-2018-16301', 'CVE-2019-15161', 'CVE-2019-15162', 'CVE-2019-15163', 'CVE-2019-15164', 'CVE-2019-15165']",2,3,1
,1.1.1,34,7,"['CVE-2011-1935', 'CVE-2018-16301', 'CVE-2019-15161', 'CVE-2019-15162', 'CVE-2019-15163', 'CVE-2019-15164', 'CVE-2019-15165']",2,3,2
quagga,,,,,,,
,1.2.4,3,1,['CVE-2021-44038'],1,0,0
libssh2,,,,,,,
,1.8.1,3,11,"['CVE-2019-13115', 'CVE-2019-17498', 'CVE-2019-3855', 'CVE-2019-3856', 'CVE-2019-3857', 'CVE-2019-3858', 'CVE-2019-3859', 'CVE-2019-3860', 'CVE-2019-3861', 'CVE-2019-3862', 'CVE-2019-3863']",4,0,7
upx,,,,,,,
,3.95,3,10,"['CVE-2018-11243', 'CVE-2019-14295', 'CVE-2019-14296', 'CVE-2019-20021', 'CVE-2019-20051', 'CVE-2019-20053', 'CVE-2019-20805', 'CVE-2020-27787', 'CVE-2020-27788', 'CVE-2020-27790']",2,8,0
sysstat,,,,,,,
,12.2.2,3,1,['CVE-2022-39377'],1,0,0
,10.1.1,19,3,"['CVE-2019-16167', 'CVE-2019-19725', 'CVE-2022-39377']",1,1,1
,9.0.6,3,2,"['CVE-2019-16167', 'CVE-2019-19725']",0,1,1
openvpn,,,,,,,
,2.4.9,3,3,"['CVE-2020-15078', 'CVE-2021-3606', 'CVE-2022-0547']",2,0,1
,2.3.8,16,11,"['CVE-2016-6329', 'CVE-2017-12166', 'CVE-2017-7479', 'CVE-2017-7508', 'CVE-2017-7520', 'CVE-2017-7521', 'CVE-2017-7522', 'CVE-2018-7544', 'CVE-2020-15078', 'CVE-2021-3606', 'CVE-2022-0547']",4,4,3
,2.4.11,9,2,"['CVE-2021-3606', 'CVE-2022-0547']",1,0,1
strongswan,,,,,,,
,5.5.2,3,11,"['CVE-2017-11185', 'CVE-2017-9022', 'CVE-2017-9023', 'CVE-2018-10811', 'CVE-2018-16151', 'CVE-2018-16152', 'CVE-2018-17540', 'CVE-2018-5388', 'CVE-2021-41991', 'CVE-2021-45079', 'CVE-2022-40617']",9,1,1
,4.0.0,2,14,"['CVE-2008-4551', 'CVE-2009-1957', 'CVE-2009-1958', 'CVE-2013-2054', 'CVE-2014-2891', 'CVE-2017-11185', 'CVE-2017-9022', 'CVE-2017-9023', 'CVE-2018-16151', 'CVE-2018-16152', 'CVE-2018-17540', 'CVE-2018-5388', 'CVE-2019-10155', 'CVE-2022-40617']",7,6,1
,5.8.2,6,4,"['CVE-2021-41990', 'CVE-2021-41991', 'CVE-2021-45079', 'CVE-2022-40617']",3,0,1
json-c,,,,,,,
,0.11,9,3,"['CVE-2013-6370', 'CVE-2013-6371', 'CVE-2020-12762']",1,2,0
,0.12,3,1,['CVE-2020-12762'],1,0,0
miniupnpd,,,,,,,
,1.4,9,6,"['CVE-2017-1000494', 'CVE-2019-12108', 'CVE-2019-12109', 'CVE-2019-12111', 'CVE-2019-12107', 'CVE-2019-12110']",6,0,0
,1.8,23,7,"['CVE-2013-2600', 'CVE-2017-1000494', 'CVE-2019-12108', 'CVE-2019-12109', 'CVE-2019-12111', 'CVE-2019-12107', 'CVE-2019-12110']",7,0,0
bzip2,,,,,,,
,1.0.6,27,2,"['CVE-2016-3189', 'CVE-2019-12900']",0,1,1
readymedia,,,,,,,
,1.1.4,5,1,['CVE-2020-28926'],0,0,1
,1.0.24,2,3,"['CVE-2013-2738', 'CVE-2013-2739', 'CVE-2020-28926']",0,0,3
,1.1.2,25,1,['CVE-2020-28926'],0,0,1
,1.1.0,1,1,['CVE-2020-28926'],0,0,1
hostapd,,,,,,,
,2.0,10,32,"['CVE-2014-3686', 'CVE-2015-4141', 'CVE-2015-4142', 'CVE-2015-4143', 'CVE-2015-4144', 'CVE-2015-4145', 'CVE-2015-4146', 'CVE-2015-8041', 'CVE-2016-10743', 'CVE-2016-4476', 'CVE-2017-13077', 'CVE-2017-13078', 'CVE-2017-13079', 'CVE-2017-13080', 'CVE-2017-13081', 'CVE-2017-13082', 'CVE-2017-13084', 'CVE-2017-13086', 'CVE-2017-13087', 'CVE-2017-13088', 'CVE-2019-10064', 'CVE-2019-11555', 'CVE-2019-13377', 'CVE-2019-16275', 'CVE-2019-9494', 'CVE-2019-9495', 'CVE-2019-9496', 'CVE-2019-9497', 'CVE-2019-9498', 'CVE-2019-9499', 'CVE-2022-23303', 'CVE-2022-23304']",8,21,3
,2.5,2,24,"['CVE-2016-10743', 'CVE-2016-4476', 'CVE-2017-13077', 'CVE-2017-13078', 'CVE-2017-13079', 'CVE-2017-13080', 'CVE-2017-13081', 'CVE-2017-13082', 'CVE-2017-13084', 'CVE-2017-13086', 'CVE-2017-13087', 'CVE-2017-13088', 'CVE-2019-10064', 'CVE-2019-11555', 'CVE-2019-13377', 'CVE-2019-16275', 'CVE-2019-9494', 'CVE-2019-9495', 'CVE-2019-9496', 'CVE-2019-9497', 'CVE-2019-9498', 'CVE-2019-9499', 'CVE-2022-23303', 'CVE-2022-23304']",8,13,3
,0.5,2,13,"['CVE-2015-8041', 'CVE-2016-10743', 'CVE-2019-10064', 'CVE-2019-11555', 'CVE-2019-16275', 'CVE-2019-9494', 'CVE-2019-9495', 'CVE-2019-9496', 'CVE-2019-9497', 'CVE-2019-9498', 'CVE-2019-9499', 'CVE-2022-23303', 'CVE-2022-23304']",6,4,3
,2.7,11,11,"['CVE-2019-11555', 'CVE-2019-13377', 'CVE-2019-16275', 'CVE-2019-9494', 'CVE-2019-9495', 'CVE-2019-9496', 'CVE-2019-9497', 'CVE-2019-9498', 'CVE-2019-9499', 'CVE-2022-23303', 'CVE-2022-23304']",4,4,3
,2.8,2,4,"['CVE-2019-13377', 'CVE-2019-16275', 'CVE-2022-23303', 'CVE-2022-23304']",0,2,2
,2.6,3,23,"['CVE-2017-13077', 'CVE-2017-13078', 'CVE-2017-13079', 'CVE-2017-13080', 'CVE-2017-13081', 'CVE-2017-13082', 'CVE-2017-13084', 'CVE-2017-13086', 'CVE-2017-13087', 'CVE-2017-13088', 'CVE-2019-11555', 'CVE-2019-13377', 'CVE-2019-16275', 'CVE-2019-5061', 'CVE-2019-5062', 'CVE-2019-9494', 'CVE-2019-9495', 'CVE-2019-9496', 'CVE-2019-9497', 'CVE-2019-9498', 'CVE-2019-9499', 'CVE-2022-23303', 'CVE-2022-23304']",5,15,3
,2.9,1,4,"['CVE-2019-16275', 'CVE-2021-30004', 'CVE-2022-23303', 'CVE-2022-23304']",0,2,2
openldap,,,,,,,
,2.4.35,7,25,"['CVE-2005-2069', 'CVE-2014-9713', 'CVE-2015-1545', 'CVE-2015-3276', 'CVE-2017-14159', 'CVE-2017-17740', 'CVE-2017-9287', 'CVE-2019-13057', 'CVE-2019-13565', 'CVE-2020-12243', 'CVE-2020-25692', 'CVE-2020-25709', 'CVE-2020-25710', 'CVE-2020-36221', 'CVE-2020-36222', 'CVE-2020-36223', 'CVE-2020-36224', 'CVE-2020-36225', 'CVE-2020-36226', 'CVE-2020-36227', 'CVE-2020-36228', 'CVE-2020-36229', 'CVE-2020-36230', 'CVE-2021-27212', 'CVE-2022-29155']",14,6,5
openssh,,,,,,,
,"4.3p2
usage",7,43,"['CVE-2006-4924', 'CVE-2006-5051', 'CVE-2006-5052', 'CVE-2006-5794', 'CVE-2007-2243', 'CVE-2007-2768', 'CVE-2007-4752', 'CVE-2008-3259', 'CVE-2008-3844', 'CVE-2008-4109', 'CVE-2009-2904', 'CVE-2010-4478', 'CVE-2010-4755', 'CVE-2010-5107', 'CVE-2011-4327', 'CVE-2011-5000', 'CVE-2012-0814', 'CVE-2014-1692', 'CVE-2014-2532', 'CVE-2014-2653', 'CVE-2015-5352', 'CVE-2015-5600', 'CVE-2015-6563', 'CVE-2015-6564', 'CVE-2015-8325', 'CVE-2016-10009', 'CVE-2016-10010', 'CVE-2016-10011', 'CVE-2016-10012', 'CVE-2016-10708', 'CVE-2016-1908', 'CVE-2016-20012', 'CVE-2016-3115', 'CVE-2016-6210', 'CVE-2016-6515', 'CVE-2017-15906', 'CVE-2018-15473', 'CVE-2018-20685', 'CVE-2019-6109', 'CVE-2019-6110', 'CVE-2019-6111', 'CVE-2020-15778', 'CVE-2021-36368']",15,21,7
libvorbis,,,,,,,
,1.3.2,2,1,['CVE-2020-20412'],0,1,0
gmp,,,,,,,
,5.1.3,2,1,['CVE-2021-43618'],1,0,0
,6.1.2,6,1,['CVE-2021-43618'],1,0,0
openswan,,,,,,,
,2.6.43,2,2,"['CVE-2018-15836', 'CVE-2019-10155']",1,0,1
,2.2.0,2,4,"['CVE-2013-2053', 'CVE-2013-6466', 'CVE-2018-15836', 'CVE-2019-10155']",1,2,1
minidlna,,,,,,,
,1.0.24,2,1,['CVE-2013-2745'],0,0,1
lldpd,,,,,,,
,0.7.7,2,2,"['CVE-2015-8012', 'CVE-2020-27827']",2,0,0
router_advertisement_daemon,,,,,,,
,1.7,29,5,"['CVE-2011-3601', 'CVE-2011-3602', 'CVE-2011-3603', 'CVE-2011-3604', 'CVE-2011-3605']",2,3,0
,1.5,2,5,"['CVE-2011-3601', 'CVE-2011-3602', 'CVE-2011-3603', 'CVE-2011-3604', 'CVE-2011-3605']",2,3,0
berkeley_db,,,,,,,
,4.8.30,19,16,"['CVE-2017-3604', 'CVE-2017-3605', 'CVE-2017-3606', 'CVE-2017-3607', 'CVE-2017-3608', 'CVE-2017-3609', 'CVE-2017-3610', 'CVE-2017-3611', 'CVE-2017-3612', 'CVE-2017-3613', 'CVE-2017-3614', 'CVE-2017-3615', 'CVE-2017-3616', 'CVE-2017-3617', 'CVE-2019-2708', 'CVE-2020-2981']",15,0,1
libtiff,,,,,,,
,4.0.3,21,78,"['CVE-2012-4564', 'CVE-2013-4232', 'CVE-2013-4243', 'CVE-2013-4244', 'CVE-2014-8127', 'CVE-2014-8128', 'CVE-2014-8129', 'CVE-2014-8130', 'CVE-2014-9330', 'CVE-2015-1547', 'CVE-2015-8781', 'CVE-2015-8782', 'CVE-2015-8783', 'CVE-2015-8784', 'CVE-2015-8870', 'CVE-2016-3620', 'CVE-2016-3621', 'CVE-2016-3623', 'CVE-2016-3624', 'CVE-2016-3625', 'CVE-2016-3631', 'CVE-2016-3632', 'CVE-2016-3633', 'CVE-2016-3634', 'CVE-2016-3658', 'CVE-2016-3945', 'CVE-2016-3990', 'CVE-2016-3991', 'CVE-2016-5102', 'CVE-2016-5314', 'CVE-2016-5315', 'CVE-2016-5316', 'CVE-2016-5318', 'CVE-2016-5319', 'CVE-2016-5321', 'CVE-2016-5322', 'CVE-2016-5323', 'CVE-2016-6223', 'CVE-2016-9453', 'CVE-2016-9532', 'CVE-2017-9935', 'CVE-2017-9937', 'CVE-2018-10963', 'CVE-2018-5360', 'CVE-2019-14973', 'CVE-2019-17546', 'CVE-2020-35521', 'CVE-2020-35522', 'CVE-2020-35523', 'CVE-2020-35524', 'CVE-2022-0561', 'CVE-2022-0562', 'CVE-2022-0891', 'CVE-2022-0908', 'CVE-2022-1354', 'CVE-2022-1355', 'CVE-2022-2867', 'CVE-2022-2868', 'CVE-2022-2869', 'CVE-2022-2953', 'CVE-2022-3570', 'CVE-2022-3597', 'CVE-2022-3598', 'CVE-2022-3599', 'CVE-2022-3626', 'CVE-2022-3627', 'CVE-2022-3970', 'CVE-2022-48281', 'CVE-2023-0795', 'CVE-2023-0796', 'CVE-2023-0797', 'CVE-2023-0798', 'CVE-2023-0799', 'CVE-2023-0800', 'CVE-2023-0801', 'CVE-2023-0802', 'CVE-2023-0803', 'CVE-2023-0804']",24,53,1
libgcrypt,,,,,,,
,1.5.0,19,9,"['CVE-2015-0837', 'CVE-2016-6313', 'CVE-2017-0379', 'CVE-2018-0495', 'CVE-2018-6829', 'CVE-2019-12904', 'CVE-2019-13627', 'CVE-2021-33560', 'CVE-2021-40528']",3,3,3
ncurses,,,,,,,
,5.7,23,4,"['CVE-2019-17594', 'CVE-2019-17595', 'CVE-2021-39537', 'CVE-2022-29458']",2,2,0
,6.2,2,2,"['CVE-2021-39537', 'CVE-2022-29458']",2,0,0
proftpd,,,,,,,
,1.3.4b,25,12,"['CVE-2001-0027', 'CVE-2012-6095', 'CVE-2013-4359', 'CVE-2016-3125', 'CVE-2017-7418', 'CVE-2019-12815', 'CVE-2019-18217', 'CVE-2019-19270', 'CVE-2019-19271', 'CVE-2019-19272', 'CVE-2020-9272', 'CVE-2021-46854']",8,2,2
netatalk,,,,,,,
,3.1.8,14,2,"['CVE-2018-1160', 'CVE-2022-45188']",1,0,1
pupnp,,,,,,,
,1.6.19,2,2,"['CVE-2021-28302', 'CVE-2021-29462']",1,0,1
ipsec-tools,,,,,,,
,0.8.0,2,1,['CVE-2008-3652'],1,0,0
tcpdump,,,,,,,
,4.9.3,2,1,['CVE-2020-8037'],1,0,0
